id,name,full_name,owner_login,owner_type,html_url,description,homepage,language,topics,license_key,license_name,default_branch,created_at,updated_at,pushed_at,size_kb,stargazers_count,forks_count,open_issues_count,watchers_count,has_issues,has_wiki,has_pages,is_template,archived,disabled,visibility,allow_forking,network_count,subscribers_count
28457823,freeCodeCamp,freeCodeCamp/freeCodeCamp,freeCodeCamp,Organization,https://github.com/freeCodeCamp/freeCodeCamp,"freeCodeCamp.org's open-source codebase and curriculum. Learn math, programming, and computer science for free.",https://contribute.freecodecamp.org,TypeScript,careers;certification;community;curriculum;d3;education;freecodecamp;hacktoberfest;javascript;learn-to-code;math;nodejs;nonprofits;programming;react;teachers,bsd-3-clause,"BSD 3-Clause ""New"" or ""Revised"" License",main,2014-12-24T17:49:19Z,2025-08-23T00:08:19Z,2025-08-22T08:44:02Z,511212,426216,41265,306,426216,True,False,False,False,False,False,public,True,,
132750724,build-your-own-x,codecrafters-io/build-your-own-x,codecrafters-io,Organization,https://github.com/codecrafters-io/build-your-own-x,Master programming by recreating your favorite technologies from scratch.,https://codecrafters.io,Markdown,awesome-list;free;programming;tutorial-code;tutorial-exercises;tutorials,,,master,2018-05-09T12:03:18Z,2025-08-23T00:38:31Z,2025-07-29T21:02:41Z,1079,413063,38738,417,413063,True,False,False,False,False,False,public,True,,
21737465,awesome,sindresorhus/awesome,sindresorhus,User,https://github.com/sindresorhus/awesome,üòé Awesome lists about all kinds of interesting topics,,,awesome;awesome-list;lists;resources;unicorns,cc0-1.0,Creative Commons Zero v1.0 Universal,main,2014-07-11T13:42:37Z,2025-08-23T00:38:59Z,2025-07-18T18:37:33Z,1500,394094,31305,53,394094,True,False,True,False,False,False,public,True,,
13491895,free-programming-books,EbookFoundation/free-programming-books,EbookFoundation,Organization,https://github.com/EbookFoundation/free-programming-books,:books: Freely available programming books,https://ebookfoundation.github.io/free-programming-books/,Python,books;education;hacktoberfest;list;resource,cc-by-4.0,Creative Commons Attribution 4.0 International,main,2013-10-11T06:50:37Z,2025-08-23T00:34:07Z,2025-08-17T15:03:15Z,19603,365770,63936,42,365770,True,False,True,False,False,False,public,True,,
54346799,public-apis,public-apis/public-apis,public-apis,Organization,https://github.com/public-apis/public-apis,A collective list of free APIs,https://APILayer.com/?utm_source=Github&utm_medium=Referral&utm_campaign=Public-apis-repo,Python,api;apis;dataset;development;free;list;lists;open-source;public;public-api;public-apis;resources;software,mit,MIT License,master,2016-03-20T23:49:42Z,2025-08-23T00:37:19Z,2025-05-20T15:56:34Z,4771,362440,38028,555,362440,True,False,False,False,False,False,public,True,,
85077558,developer-roadmap,kamranahmedse/developer-roadmap,kamranahmedse,User,https://github.com/kamranahmedse/developer-roadmap,"Interactive roadmaps, guides and other educational content to help developers grow in their careers.",https://roadmap.sh,TypeScript,angular-roadmap;backend-roadmap;blockchain-roadmap;computer-science;dba-roadmap;developer-roadmap;devops-roadmap;frontend-roadmap;go-roadmap;java-roadmap;javascript-roadmap;nodejs-roadmap;python-roadmap;qa-roadmap;react-roadmap;roadmap;software-architect-roadmap;vue-roadmap,other,Other,master,2017-03-15T13:45:52Z,2025-08-22T22:54:39Z,2025-08-23T00:12:35Z,309093,334333,42616,280,334333,True,True,False,False,False,False,public,True,,
60493101,coding-interview-university,jwasham/coding-interview-university,jwasham,User,https://github.com/jwasham/coding-interview-university,A complete computer science study plan to become a software engineer.,,,algorithm;algorithms;coding-interview;coding-interviews;computer-science;data-structures;interview;interview-prep;interview-preparation;programming-interviews;software-engineering;study-plan,cc-by-sa-4.0,Creative Commons Attribution Share Alike 4.0 International,main,2016-06-06T02:34:12Z,2025-08-23T00:03:21Z,2024-12-05T23:47:30Z,22600,324683,79909,78,324683,True,False,False,False,False,False,public,True,,
83222441,system-design-primer,donnemartin/system-design-primer,donnemartin,User,https://github.com/donnemartin/system-design-primer,Learn how to design large-scale systems. Prep for the system design interview.  Includes Anki flashcards.,,Python,design;design-patterns;design-system;development;interview;interview-practice;interview-questions;programming;python;system;web;web-application;webapp,other,Other,master,2017-02-26T16:15:28Z,2025-08-23T00:34:56Z,2025-05-21T11:13:33Z,11239,317093,51910,514,317093,True,True,False,False,False,False,public,True,,
177736533,996.ICU,996icu/996.ICU,996icu,User,https://github.com/996icu/996.ICU,Repo for counting stars and contributing. Press F to pay respect to glorious developers.,https://996.icu,,,other,Other,master,2019-03-26T07:31:14Z,2025-08-22T20:25:35Z,2025-08-22T06:01:29Z,189351,274131,21069,16697,274131,False,False,False,False,False,False,public,True,,
21289110,awesome-python,vinta/awesome-python,vinta,User,https://github.com/vinta/awesome-python,"An opinionated list of awesome Python frameworks, libraries, software and resources.",https://awesome-python.com/,Python,awesome;collections;python;python-framework;python-library;python-resources,other,Other,master,2014-06-27T21:00:06Z,2025-08-23T00:28:22Z,2025-07-17T16:35:51Z,6839,256246,26175,487,256246,False,False,True,False,False,False,public,True,,
36633370,awesome-selfhosted,awesome-selfhosted/awesome-selfhosted,awesome-selfhosted,Organization,https://github.com/awesome-selfhosted/awesome-selfhosted,A list of Free Software network services and web applications which can be hosted on your own servers,https://awesome-selfhosted.net/,,awesome;awesome-list;cloud;free-software;hosting;privacy;self-hosted;selfhosted,other,Other,master,2015-06-01T02:33:17Z,2025-08-23T00:33:44Z,2025-08-22T08:51:14Z,16591,243194,11264,0,243194,True,False,False,False,False,False,public,True,,
88011908,project-based-learning,practical-tutorials/project-based-learning,practical-tutorials,Organization,https://github.com/practical-tutorials/project-based-learning,Curated list of project-based tutorials,,,beginner-project;cpp;golang;javascript;project;python;tutorial;webdevelopment,mit,MIT License,master,2017-04-12T05:07:46Z,2025-08-23T00:32:18Z,2024-08-15T05:33:54Z,438,240665,31477,238,240665,True,True,False,False,False,False,public,True,,
10270250,react,facebook/react,facebook,Organization,https://github.com/facebook/react,The library for web and native user interfaces.,https://react.dev,JavaScript,declarative;frontend;javascript;library;react;ui,mit,MIT License,main,2013-05-24T16:15:54Z,2025-08-23T00:29:12Z,2025-08-23T00:37:40Z,1103781,238323,49179,1026,238323,True,False,True,False,False,False,public,True,,
11730342,vue,vuejs/vue,vuejs,Organization,https://github.com/vuejs/vue,"This is the repo for Vue 2. For Vue 3, go to https://github.com/vuejs/core",http://v2.vuejs.org,TypeScript,framework;frontend;javascript;vue,mit,MIT License,main,2013-07-29T03:24:51Z,2025-08-22T22:38:54Z,2024-10-10T07:24:15Z,32152,209292,33741,602,209292,True,True,False,False,False,False,public,True,,
63476337,Python,TheAlgorithms/Python,TheAlgorithms,Organization,https://github.com/TheAlgorithms/Python,All Algorithms implemented in Python,https://thealgorithms.github.io/Python/,Python,algorithm;algorithm-competitions;algorithms-implemented;algos;community-driven;education;hacktoberfest;interview;learn;practice;python;searches;sorting-algorithms;sorts,mit,MIT License,master,2016-07-16T09:44:01Z,2025-08-22T21:58:07Z,2025-08-22T21:16:56Z,15440,204274,47350,445,204274,True,True,True,False,False,False,public,True,,
2325298,linux,torvalds/linux,torvalds,User,https://github.com/torvalds/linux,Linux kernel source tree,,C,,other,Other,master,2011-09-04T22:48:12Z,2025-08-23T00:20:52Z,2025-08-22T22:20:33Z,5657344,200475,57406,488,200475,False,False,False,False,False,False,public,True,,
126577260,javascript-algorithms,trekhleb/javascript-algorithms,trekhleb,User,https://github.com/trekhleb/javascript-algorithms,üìù Algorithms and data structures implemented in JavaScript with explanations and links to further readings,,JavaScript,algorithm;algorithms;computer-science;data-structures;interview;interview-preparation;javascript;javascript-algorithms,mit,MIT License,master,2018-03-24T07:47:04Z,2025-08-23T00:22:45Z,2025-02-12T16:19:59Z,13564,193058,30849,368,193058,True,False,False,False,False,False,public,True,,
45717250,tensorflow,tensorflow/tensorflow,tensorflow,Organization,https://github.com/tensorflow/tensorflow,An Open Source Machine Learning Framework for Everyone,https://tensorflow.org,C++,deep-learning;deep-neural-networks;distributed;machine-learning;ml;neural-network;python;tensorflow,apache-2.0,Apache License 2.0,master,2015-11-07T01:19:20Z,2025-08-23T00:25:31Z,2025-08-23T00:40:51Z,1193581,191279,74785,1485,191279,True,False,False,False,False,False,public,True,,
19415064,computer-science,ossu/computer-science,ossu,Organization,https://github.com/ossu/computer-science,üéì Path to a free self-taught education in Computer Science!,,HTML,awesome-list;computer-science;courses;curriculum,mit,MIT License,master,2014-05-04T00:18:39Z,2025-08-23T00:32:11Z,2025-07-17T02:38:25Z,1766,190823,23824,15,190823,True,True,True,False,False,False,public,True,,
138393139,the-book-of-secret-knowledge,trimstray/the-book-of-secret-knowledge,trimstray,User,https://github.com/trimstray/the-book-of-secret-knowledge,"A collection of inspiring lists, manuals, cheatsheets, blogs, hacks, one-liners, cli/web tools and more.",,,awesome;awesome-list;bsd;cheatsheets;devops;guidelines;hacking;hacks;howtos;linux;lists;manuals;one-liners;pentesters;resources;search-engines;security;security-researchers;sysops,mit,MIT License,master,2018-06-23T10:43:14Z,2025-08-23T00:28:47Z,2024-11-19T14:00:38Z,1748,183291,11399,99,183291,False,False,False,False,False,False,public,True,,
14440270,You-Dont-Know-JS,getify/You-Dont-Know-JS,getify,User,https://github.com/getify/You-Dont-Know-JS,A book series (2 published editions) on the JS language.,,,async;book;book-series;closures;education;es2015;es6;javascript;learn-to-code;programming;prototypes;training-materials;training-providers,other,Other,2nd-ed,2013-11-16T02:37:24Z,2025-08-23T00:05:17Z,2025-05-20T14:22:36Z,15060,183006,33658,125,183006,True,False,False,False,False,False,public,True,,
121395510,CS-Notes,CyC2018/CS-Notes,CyC2018,User,https://github.com/CyC2018/CS-Notes,:books: ÊäÄÊúØÈù¢ËØïÂøÖÂ§áÂü∫Á°ÄÁü•ËØÜ„ÄÅLeetcode„ÄÅËÆ°ÁÆóÊú∫Êìç‰ΩúÁ≥ªÁªü„ÄÅËÆ°ÁÆóÊú∫ÁΩëÁªú„ÄÅÁ≥ªÁªüËÆæËÆ°,http://cyc2018.xyz,,algorithm;computer-science;cpp;interview;java;leetcode;python;system-design,,,master,2018-02-13T14:56:24Z,2025-08-22T20:26:50Z,2024-08-21T09:40:10Z,116179,181537,51166,189,181537,True,True,True,False,False,False,public,True,,
291137,ohmyzsh,ohmyzsh/ohmyzsh,ohmyzsh,Organization,https://github.com/ohmyzsh/ohmyzsh,"üôÉ   A delightful community-driven (with 2,400+ contributors) framework for managing your zsh configuration. Includes 300+ optional plugins (rails, git, macOS, hub, docker, homebrew, node, php, python, etc), 140+ themes to spice up your morning, and an auto-update tool that makes it easy to keep up with the latest updates from the community.",https://ohmyz.sh,Shell,cli;cli-app;hacktoberfest;oh-my-zsh;oh-my-zsh-plugin;oh-my-zsh-theme;ohmyzsh;plugin-framework;plugins;productivity;shell;terminal;theme;themes;zsh;zsh-configuration,mit,MIT License,master,2009-08-28T18:15:37Z,2025-08-22T21:31:58Z,2025-08-19T10:46:13Z,12923,180879,26182,505,180879,True,True,False,False,False,False,public,True,,
614765452,AutoGPT,Significant-Gravitas/AutoGPT,Significant-Gravitas,Organization,https://github.com/Significant-Gravitas/AutoGPT,"AutoGPT is the vision of accessible AI for everyone, to use and to build on. Our mission is to provide the tools, so that you can focus on what matters.",https://agpt.co,Python,ai;artificial-intelligence;autonomous-agents;gpt-4;llama-api;openai;python,other,Other,master,2023-03-16T09:21:07Z,2025-08-23T00:26:59Z,2025-08-22T23:24:07Z,275042,178000,45944,226,178000,True,True,False,False,False,False,public,True,,
41881900,vscode,microsoft/vscode,microsoft,Organization,https://github.com/microsoft/vscode,Visual Studio Code,https://code.visualstudio.com,TypeScript,editor;electron;microsoft;typescript;visual-studio-code,mit,MIT License,main,2015-09-03T20:23:38Z,2025-08-23T00:20:31Z,2025-08-23T00:20:23Z,1054746,175992,34539,12801,175992,True,True,False,False,False,False,public,True,,
2126244,bootstrap,twbs/bootstrap,twbs,Organization,https://github.com/twbs/bootstrap,"The most popular HTML, CSS, and JavaScript framework for developing responsive, mobile first projects on the web.",https://getbootstrap.com,MDX,bootstrap;css;css-framework;html;javascript;sass;scss,mit,MIT License,main,2011-07-29T21:19:00Z,2025-08-22T20:26:16Z,2025-08-22T22:16:00Z,258879,172894,79127,561,172894,True,False,True,False,False,False,public,True,,
31792824,flutter,flutter/flutter,flutter,Organization,https://github.com/flutter/flutter,Flutter makes it easy and fast to build beautiful apps for mobile and beyond,https://flutter.dev,Dart,android;app-framework;cross-platform;dart;dart-platform;desktop;flutter;flutter-package;fuchsia;ios;linux-desktop;macos;material-design;mobile;mobile-development;skia;web;web-framework;windows,bsd-3-clause,"BSD 3-Clause ""New"" or ""Revised"" License",master,2015-03-06T22:54:58Z,2025-08-23T00:29:32Z,2025-08-23T00:29:34Z,403736,172023,29056,12137,172023,True,True,False,False,False,False,public,True,,
123458551,Python-100-Days,jackfrued/Python-100-Days,jackfrued,User,https://github.com/jackfrued/Python-100-Days,Python - 100Â§©‰ªéÊñ∞ÊâãÂà∞Â§ßÂ∏à,,Jupyter Notebook,,,,master,2018-03-01T16:05:52Z,2025-08-22T23:45:02Z,2025-03-28T10:29:23Z,396875,171163,54399,737,171163,True,True,False,False,False,False,public,True,,
1062897,gitignore,github/gitignore,github,Organization,https://github.com/github/gitignore,A collection of useful .gitignore templates,,,git;gitignore,cc0-1.0,Creative Commons Zero v1.0 Universal,main,2010-11-08T20:17:14Z,2025-08-23T00:15:40Z,2025-08-22T23:36:39Z,2941,168818,83013,313,168818,False,False,False,False,False,False,public,True,,
35955666,the-art-of-command-line,jlevy/the-art-of-command-line,jlevy,User,https://github.com/jlevy/the-art-of-command-line,"Master the command line, in one page",,,bash;documentation;linux;macos;unix;windows,,,master,2015-05-20T15:11:03Z,2025-08-22T20:27:06Z,2024-06-25T18:13:44Z,2772,157864,14746,251,157864,True,False,False,False,False,False,public,True,,
527591471,stable-diffusion-webui,AUTOMATIC1111/stable-diffusion-webui,AUTOMATIC1111,User,https://github.com/AUTOMATIC1111/stable-diffusion-webui,Stable Diffusion web UI,,Python,ai;ai-art;deep-learning;diffusion;gradio;image-generation;image2image;img2img;pytorch;stable-diffusion;text2image;torch;txt2img;unstable;upscaling;web,agpl-3.0,GNU Affero General Public License v3.0,master,2022-08-22T14:05:26Z,2025-08-22T23:36:15Z,2025-05-03T06:17:03Z,36427,155841,28899,2424,155841,True,True,False,False,False,False,public,True,,
132464395,JavaGuide,Snailclimb/JavaGuide,Snailclimb,User,https://github.com/Snailclimb/JavaGuide,„ÄåJavaÂ≠¶‰π†+Èù¢ËØïÊåáÂçó„Äç‰∏Ä‰ªΩÊ∂µÁõñÂ§ßÈÉ®ÂàÜ Java Á®ãÂ∫èÂëòÊâÄÈúÄË¶ÅÊéåÊè°ÁöÑÊ†∏ÂøÉÁü•ËØÜ„ÄÇÂáÜÂ§á Java Èù¢ËØïÔºåÈ¶ñÈÄâ JavaGuideÔºÅ,https://javaguide.cn,Java,algorithms;interview;java;jvm;mysql;redis;spring;system;system-design;zookeeper,apache-2.0,Apache License 2.0,main,2018-05-07T13:27:00Z,2025-08-22T14:53:14Z,2025-08-20T02:17:55Z,177406,151377,45974,72,151377,True,True,False,False,False,False,public,True,,
658928958,ollama,ollama/ollama,ollama,Organization,https://github.com/ollama/ollama,"Get up and running with OpenAI gpt-oss, DeepSeek-R1, Gemma 3 and other models.",https://ollama.com,Go,deepseek;gemma;gemma3;gemma3n;go;golang;gpt-oss;llama;llama2;llama3;llava;llm;llms;mistral;ollama;phi4;qwen,mit,MIT License,main,2023-06-26T19:39:32Z,2025-08-23T00:27:13Z,2025-08-22T23:26:50Z,48997,150731,12890,2124,150731,True,False,False,False,False,False,public,True,,
21540759,awesome-go,avelino/awesome-go,avelino,User,https://github.com/avelino/awesome-go,"A curated list of awesome Go frameworks, libraries and software",https://awesome-go.com,Go,awesome;awesome-list;go;golang;golang-library;hacktoberfest,mit,MIT License,main,2014-07-06T13:42:15Z,2025-08-23T00:01:36Z,2025-08-21T02:49:55Z,10488,150561,12515,143,150561,True,False,True,False,False,False,public,True,,
155220641,transformers,huggingface/transformers,huggingface,Organization,https://github.com/huggingface/transformers,"ü§ó Transformers: the model-definition framework for state-of-the-art machine learning models in text, vision, audio, and multimodal models, for both inference and training.",https://huggingface.co/transformers,Python,audio;deep-learning;deepseek;gemma;glm;hacktoberfest;llm;machine-learning;model-hub;natural-language-processing;nlp;pretrained-models;python;pytorch;pytorch-transformers;qwen;speech-recognition;transformer;vlm,apache-2.0,Apache License 2.0,main,2018-10-29T13:56:00Z,2025-08-22T22:07:15Z,2025-08-22T22:07:10Z,353019,148670,30138,1960,148670,True,True,False,False,False,False,public,True,,
6498492,javascript,airbnb/javascript,airbnb,Organization,https://github.com/airbnb/javascript,JavaScript Style Guide,,JavaScript,arrow-functions;es2015;es2016;es2017;es2018;es6;eslint;javascript;linting;naming-conventions;style-guide;style-linter;styleguide;tc39,mit,MIT License,master,2012-11-01T23:13:50Z,2025-08-23T00:06:28Z,2024-12-09T06:56:18Z,3689,147290,26784,177,147290,True,True,True,False,False,False,public,True,,
233472199,Microsoft-Activation-Scripts,massgravel/Microsoft-Activation-Scripts,massgravel,Organization,https://github.com/massgravel/Microsoft-Activation-Scripts,"Open-source Windows and Office activator featuring HWID, Ohook, TSforge, KMS38, and Online KMS activation methods, along with advanced troubleshooting.",https://massgrave.dev,Batchfile,activator;hwid;kms;kms38;massgrave;massgravel;microsoft;microsoft365;office;office365;ohook;powershell;tsforge;windows;windows-10;windows-11,gpl-3.0,GNU General Public License v3.0,master,2020-01-12T23:03:34Z,2025-08-23T00:28:23Z,2025-08-10T21:18:38Z,12049,145622,14149,0,145622,True,False,False,False,False,False,public,True,,
1039520,youtube-dl,ytdl-org/youtube-dl,ytdl-org,Organization,https://github.com/ytdl-org/youtube-dl,Command-line program to download videos from YouTube.com and other video sites,http://ytdl-org.github.io/youtube-dl/,Python,,unlicense,The Unlicense,master,2010-10-31T14:35:07Z,2025-08-22T23:39:34Z,2025-05-04T11:53:05Z,65579,136946,10440,4139,136946,True,False,True,False,False,False,public,True,,
70107786,next.js,vercel/next.js,vercel,Organization,https://github.com/vercel/next.js,The React Framework,https://nextjs.org,JavaScript,blog;browser;compiler;components;hybrid;nextjs;node;react;server-rendering;ssg;static;static-site-generator;universal;vercel,mit,MIT License,canary,2016-10-05T23:32:51Z,2025-08-22T23:24:42Z,2025-08-23T00:34:13Z,2324296,133929,29134,3305,133929,True,False,False,False,False,False,public,True,,
574523116,awesome-chatgpt-prompts,f/awesome-chatgpt-prompts,f,User,https://github.com/f/awesome-chatgpt-prompts,This repo includes ChatGPT prompt curation to use ChatGPT and other LLM tools better.,https://prompts.chat,JavaScript,bots;chatbot;chatgpt;chatgpt-api;language,cc0-1.0,Creative Commons Zero v1.0 Universal,main,2022-12-05T13:54:13Z,2025-08-22T23:07:59Z,2025-08-02T07:30:17Z,1737,133051,17665,280,133051,False,False,True,False,False,False,public,True,,
193215554,n8n,n8n-io/n8n,n8n-io,Organization,https://github.com/n8n-io/n8n,"Fair-code workflow automation platform with native AI capabilities. Combine visual building with custom code, self-host or cloud, 400+ integrations.",https://n8n.io,TypeScript,ai;apis;automation;cli;data-flow;development;integration-framework;integrations;ipaas;low-code;low-code-platform;mcp;mcp-client;mcp-server;n8n;no-code;self-hosted;typescript;workflow;workflow-automation,other,Other,master,2019-06-22T09:24:21Z,2025-08-23T00:40:31Z,2025-08-22T19:52:22Z,245524,131921,41005,1063,131921,True,False,True,False,False,False,public,True,,
23096959,go,golang/go,golang,Organization,https://github.com/golang/go,The Go programming language,https://go.dev,Go,go;golang;language;programming-language,bsd-3-clause,"BSD 3-Clause ""New"" or ""Revised"" License",master,2014-08-19T04:33:40Z,2025-08-22T23:09:50Z,2025-08-22T22:46:49Z,407681,129537,18344,9507,129537,True,True,False,False,False,False,public,True,,
62607227,tech-interview-handbook,yangshun/tech-interview-handbook,yangshun,User,https://github.com/yangshun/tech-interview-handbook,üíØ Curated coding interview preparation materials for busy software engineers,https://www.techinterviewhandbook.org,TypeScript,algorithm;algorithm-interview;algorithm-interview-questions;algorithms;behavioral-interviews;coding-interviews;interview-practice;interview-preparation;interview-questions;system-design,mit,MIT License,main,2016-07-05T05:00:48Z,2025-08-23T00:32:37Z,2025-07-10T00:25:52Z,32795,128972,15693,54,128972,True,True,False,False,False,False,public,True,,
241576270,fucking-algorithm,labuladong/fucking-algorithm,labuladong,User,https://github.com/labuladong/fucking-algorithm,"Âà∑ÁÆóÊ≥ïÂÖ®Èù†Â•óË∑ØÔºåËÆ§ÂáÜ labuladong Â∞±Â§ü‰∫ÜÔºÅEnglish version supported! Crack LeetCode, not only how, but also why.",https://labuladong.online/algo/,Markdown,algorithms;computer-science;data-structures;dynamic-programming;dynamic-programming-algorithm;interview-questions;kmp;leetcode,,,master,2020-02-19T09:01:23Z,2025-08-22T20:27:39Z,2025-01-31T06:30:22Z,126276,128961,23412,43,128961,True,True,False,False,False,False,public,True,,
111583593,scrcpy,Genymobile/scrcpy,Genymobile,Organization,https://github.com/Genymobile/scrcpy,Display and control your Android device,,C,android;c;ffmpeg;libav;mirroring;recording;screen;sdl2,apache-2.0,Apache License 2.0,master,2017-11-21T18:00:27Z,2025-08-23T00:29:50Z,2025-08-12T17:04:09Z,7586,126960,11900,2513,126960,True,True,False,False,False,False,public,True,,
58028038,HelloGitHub,521xueweihan/HelloGitHub,521xueweihan,User,https://github.com/521xueweihan/HelloGitHub,":octocat: ÂàÜ‰∫´ GitHub ‰∏äÊúâË∂£„ÄÅÂÖ•Èó®Á∫ßÁöÑÂºÄÊ∫êÈ°πÁõÆ„ÄÇShare interesting, entry-level open source projects on GitHub.",https://hellogithub.com,Python,awesome;github;hellogithub;python,,,master,2016-05-04T06:24:11Z,2025-08-23T00:07:26Z,2025-07-30T17:30:00Z,8752,125966,10677,216,125966,True,False,False,False,False,False,public,True,,
112507086,30-seconds-of-code,Chalarangelo/30-seconds-of-code,Chalarangelo,User,https://github.com/Chalarangelo/30-seconds-of-code,Coding articles to level up your development skills,https://30secondsofcode.org/,JavaScript,astro;awesome-list;css;education;es6-javascript;git;html;javascript;learn-to-code;learning-resources;nodejs;programming;snippets,cc-by-4.0,Creative Commons Attribution 4.0 International,master,2017-11-29T17:35:03Z,2025-08-22T22:54:15Z,2025-08-21T04:46:35Z,740362,125056,12303,0,125056,True,False,False,False,False,False,public,True,,
29028775,react-native,facebook/react-native,facebook,Organization,https://github.com/facebook/react-native,A framework for building native applications using React,https://reactnative.dev,C++,android;app-framework;cross-platform;ios;mobile;mobile-development;react;react-native,mit,MIT License,main,2015-01-09T18:10:16Z,2025-08-22T23:48:03Z,2025-08-22T19:09:42Z,932027,123507,24824,1030,123507,True,True,True,False,False,False,public,True,,
307260205,yt-dlp,yt-dlp/yt-dlp,yt-dlp,Organization,https://github.com/yt-dlp/yt-dlp,A feature-rich command-line audio/video downloader,https://discord.gg/H5MNcFW63r,Python,cli;downloader;python;sponsorblock;youtube-dl;youtube-downloader;yt-dlp,unlicense,The Unlicense,master,2020-10-26T04:22:55Z,2025-08-23T00:20:03Z,2025-08-23T00:05:11Z,56484,123400,9828,2000,123400,True,True,True,False,False,False,public,True,,
184456251,PowerToys,microsoft/PowerToys,microsoft,Organization,https://github.com/microsoft/PowerToys,Windows system utilities to maximize productivity,,C#,color-picker;desktop;fancyzones;keyboard-manager;microsoft-powertoys;powerrename;powertoys;windows,mit,MIT License,main,2019-05-01T17:44:02Z,2025-08-23T00:18:17Z,2025-08-22T19:20:23Z,444065,122475,7314,7078,122475,True,True,False,False,False,False,public,True,,
9384267,electron,electron/electron,electron,Organization,https://github.com/electron/electron,":electron: Build cross-platform desktop apps with JavaScript, HTML, and CSS",https://electronjs.org,C++,c-plus-plus;chrome;css;electron;html;javascript;nodejs;v8;works-with-codespaces,mit,MIT License,main,2013-04-12T01:47:36Z,2025-08-23T00:32:44Z,2025-08-22T18:59:33Z,179570,117995,16351,864,117995,True,False,False,False,False,False,public,True,,
20580498,kubernetes,kubernetes/kubernetes,kubernetes,Organization,https://github.com/kubernetes/kubernetes,Production-Grade Container Scheduling and Management,https://kubernetes.io,Go,cncf;containers;go;kubernetes,apache-2.0,Apache License 2.0,master,2014-06-06T22:56:04Z,2025-08-23T00:00:24Z,2025-08-21T14:01:22Z,1392465,117020,41216,2637,117020,True,False,False,False,False,False,public,True,,
561730219,hello-algo,krahets/hello-algo,krahets,User,https://github.com/krahets/hello-algo,"„ÄäHello ÁÆóÊ≥ï„ÄãÔºöÂä®ÁîªÂõæËß£„ÄÅ‰∏ÄÈîÆËøêË°åÁöÑÊï∞ÊçÆÁªìÊûÑ‰∏éÁÆóÊ≥ïÊïôÁ®ã„ÄÇÊîØÊåÅ Python, Java, C++, C, C#, JS, Go, Swift, Rust, Ruby, Kotlin, TS, Dart ‰ª£Á†Å„ÄÇÁÆÄ‰ΩìÁâàÂíåÁπÅ‰ΩìÁâàÂêåÊ≠•Êõ¥Êñ∞ÔºåEnglish version in translation",https://www.hello-algo.com,Java,algo;algorithm;algorithms;book;data-structure;data-structures;data-structures-and-algorithms;dsa;education;leetcode;programming,other,Other,main,2022-11-04T11:08:34Z,2025-08-22T23:45:54Z,2025-08-05T18:33:00Z,365963,115665,14296,27,115665,True,False,True,False,False,False,public,True,,
14098069,free-programming-books-zh_CN,justjavac/free-programming-books-zh_CN,justjavac,User,https://github.com/justjavac/free-programming-books-zh_CN,:books: ÂÖçË¥πÁöÑËÆ°ÁÆóÊú∫ÁºñÁ®ãÁ±ª‰∏≠Êñá‰π¶Á±çÔºåÊ¨¢ËøéÊäïÁ®ø,http://weibo.com/justjavac,,android;angular;books;free;ios;javascript;kotlin;pdf;programming;python;react;react-native;swift;vue,gpl-3.0,GNU General Public License v3.0,main,2013-11-04T01:59:19Z,2025-08-23T00:28:35Z,2024-07-15T08:55:20Z,1059,115039,28351,31,115039,False,False,False,False,False,False,public,True,,
552661142,langchain,langchain-ai/langchain,langchain-ai,Organization,https://github.com/langchain-ai/langchain,ü¶úüîó Build context-aware reasoning applications ü¶úüîó,https://python.langchain.com,Jupyter Notebook,ai;anthropic;gemini;langchain;llm;openai;python,mit,MIT License,master,2022-10-17T02:58:36Z,2025-08-23T00:30:07Z,2025-08-22T23:21:29Z,467499,114031,18693,351,114031,True,False,False,False,False,False,public,True,,
27193779,node,nodejs/node,nodejs,Organization,https://github.com/nodejs/node,Node.js JavaScript runtime ‚ú®üê¢üöÄ‚ú®,https://nodejs.org,JavaScript,javascript;js;linux;macos;mit;node;nodejs;runtime;windows,other,Other,main,2014-11-26T19:57:11Z,2025-08-22T23:12:51Z,2025-08-22T19:23:40Z,1328132,112883,32744,2341,112883,True,False,False,False,False,False,public,True,,
626805178,dify,langgenius/dify,langgenius,Organization,https://github.com/langgenius/dify,Production-ready platform for agentic workflow development.,https://dify.ai,TypeScript,agent;agentic-ai;agentic-framework;agentic-workflow;ai;automation;gemini;genai;gpt;gpt-4;llm;low-code;mcp;nextjs;no-code;openai;orchestration;python;rag;workflow,other,Other,main,2023-04-12T07:40:24Z,2025-08-22T23:19:14Z,2025-08-22T18:31:57Z,112818,111766,17077,801,111766,True,False,False,False,False,False,public,True,,
943149,d3,d3/d3,d3,Organization,https://github.com/d3/d3,"Bring data to life with SVG, Canvas and HTML. :bar_chart::chart_with_upwards_trend::tada:",https://d3js.org,Shell,chart;charts;d3;data-visualization;svg;visualization,isc,ISC License,main,2010-09-27T17:22:42Z,2025-08-22T19:19:56Z,2025-07-27T11:30:40Z,59341,111336,22839,22,111336,True,False,True,False,False,False,public,True,,
32484381,free-for-dev,ripienaar/free-for-dev,ripienaar,User,https://github.com/ripienaar/free-for-dev,"A list of SaaS, PaaS and IaaS offerings that have free tiers of interest to devops and infradev",https://free-for.dev/,HTML,awesome-list;free-for-developers,,,master,2015-03-18T21:06:26Z,2025-08-22T23:44:26Z,2025-08-22T13:37:03Z,8936,110646,11399,13,110646,False,False,True,False,False,False,public,True,,
576201,three.js,mrdoob/three.js,mrdoob,User,https://github.com/mrdoob/three.js,JavaScript 3D Library.,https://threejs.org/,JavaScript,3d;augmented-reality;canvas;html5;javascript;svg;virtual-reality;webaudio;webgl;webgl2;webgpu;webxr,mit,MIT License,dev,2010-03-23T18:58:01Z,2025-08-23T00:30:29Z,2025-08-22T19:38:06Z,1458106,108235,35971,597,108235,True,True,True,False,False,False,public,True,,
701547123,open-webui,open-webui/open-webui,open-webui,Organization,https://github.com/open-webui/open-webui,"User-friendly AI Interface (Supports Ollama, OpenAI API, ...)",https://openwebui.com,JavaScript,ai;llm;llm-ui;llm-webui;llms;mcp;ollama;ollama-webui;open-webui;openai;openapi;rag;self-hosted;ui;webui,other,Other,main,2023-10-06T22:08:27Z,2025-08-23T00:37:28Z,2025-08-22T22:57:03Z,265935,107552,14567,271,107552,True,True,False,False,False,False,public,True,,
23088740,axios,axios/axios,axios,Organization,https://github.com/axios/axios,Promise based HTTP client for the browser and node.js,https://axios-http.com,JavaScript,hacktoberfest;http-client;javascript;nodejs;promise,mit,MIT License,v1.x,2014-08-18T22:30:27Z,2025-08-22T22:00:22Z,2025-08-21T15:41:06Z,21232,107441,11192,358,107441,True,False,False,False,False,False,public,True,,
724712,rust,rust-lang/rust,rust-lang,Organization,https://github.com/rust-lang/rust,Empowering everyone to build reliable and efficient software.,https://www.rust-lang.org,Rust,compiler;hacktoberfest;language;rust,other,Other,master,2010-06-16T20:39:03Z,2025-08-23T00:22:06Z,2025-08-22T21:43:08Z,754340,105966,13674,11486,105966,True,False,False,False,False,False,public,True,,
231283452,excalidraw,excalidraw/excalidraw,excalidraw,Organization,https://github.com/excalidraw/excalidraw,Virtual whiteboard for sketching hand-drawn like diagrams,https://excalidraw.com,TypeScript,canvas;collaboration;diagrams;drawing;hacktoberfest;productivity;whiteboard,mit,MIT License,master,2020-01-02T01:04:43Z,2025-08-23T00:36:48Z,2025-08-22T17:28:21Z,93598,105807,10646,2311,105807,True,False,False,False,False,False,public,True,,
20929025,TypeScript,microsoft/TypeScript,microsoft,Organization,https://github.com/microsoft/TypeScript,TypeScript is a superset of JavaScript that compiles to clean JavaScript output.,https://www.typescriptlang.org,TypeScript,javascript;language;typechecker;typescript,apache-2.0,Apache License 2.0,main,2014-06-17T15:28:39Z,2025-08-22T21:57:11Z,2025-08-22T21:17:19Z,2854632,105669,12963,6064,105669,True,True,False,False,False,False,public,True,,
599320067,langflow,langflow-ai/langflow,langflow-ai,Organization,https://github.com/langflow-ai/langflow,Langflow is a powerful tool for building and deploying AI-powered agents and workflows.,http://www.langflow.org,Python,agents;chatgpt;generative-ai;large-language-models;multiagent;react-flow,mit,MIT License,main,2023-02-08T22:28:03Z,2025-08-23T00:36:16Z,2025-08-23T00:28:13Z,819237,104496,7403,860,104496,True,True,True,False,False,False,public,True,,
133442384,deno,denoland/deno,denoland,Organization,https://github.com/denoland/deno,A modern runtime for JavaScript and TypeScript.,https://deno.com,Rust,deno;javascript;rust;typescript,mit,MIT License,main,2018-05-15T01:34:26Z,2025-08-22T23:49:40Z,2025-08-22T23:49:36Z,178877,103990,5689,2359,103990,True,True,False,False,False,False,public,True,,
103633984,nodebestpractices,goldbergyoni/nodebestpractices,goldbergyoni,User,https://github.com/goldbergyoni/nodebestpractices,:white_check_mark:  The Node.js best practices list (July 2024),https://twitter.com/nodepractices/,Dockerfile,best-practices;es6;eslint;express;expressjs;javascript;jest;microservices;mocha;node-js;nodejs;nodejs-development;npm;rest;style-guide;styleguide;testing;types,cc-by-sa-4.0,Creative Commons Attribution Share Alike 4.0 International,master,2017-09-15T08:33:19Z,2025-08-22T22:57:48Z,2025-04-15T21:52:42Z,69535,103979,10585,82,103979,True,False,False,False,False,False,public,True,,
63537249,create-react-app,facebook/create-react-app,facebook,Organization,https://github.com/facebook/create-react-app,Set up a modern web app by running one command.,https://create-react-app.dev,JavaScript,build-tools;react;zero-configuration,mit,MIT License,main,2016-07-17T14:55:11Z,2025-08-23T00:17:27Z,2025-02-15T01:32:11Z,25186,103454,27069,2330,103454,True,False,True,False,False,False,public,True,,
206462776,GitHub-Chinese-Top-Charts,GrowingGit/GitHub-Chinese-Top-Charts,GrowingGit,User,https://github.com/GrowingGit/GitHub-Chinese-Top-Charts,:cn: GitHub‰∏≠ÊñáÊéíË°åÊ¶úÔºåÂêÑËØ≠Ë®ÄÂàÜËÆæ„ÄåËΩØ‰ª∂ | ËµÑÊñô„ÄçÊ¶úÂçïÔºåÁ≤æÂáÜÂÆö‰Ωç‰∏≠ÊñáÂ•ΩÈ°πÁõÆ„ÄÇÂêÑÂèñÊâÄÈúÄÔºåÈ´òÊïàÂ≠¶‰π†„ÄÇ,,Java,,other,Other,master,2019-09-05T03:01:56Z,2025-08-22T23:54:51Z,2024-10-12T06:51:36Z,123199,101360,13214,188,101360,True,True,False,False,False,False,public,True,,
15634981,godot,godotengine/godot,godotengine,Organization,https://github.com/godotengine/godot,Godot Engine ‚Äì Multi-platform 2D and 3D game engine,https://godotengine.org,C++,game-development;game-engine;gamedev;godot;godotengine;multi-platform;open-source,mit,MIT License,master,2014-01-04T16:05:36Z,2025-08-23T00:38:26Z,2025-08-22T21:14:08Z,1622067,100503,23027,16218,100503,True,False,False,False,False,False,public,True,,
100060912,terminal,microsoft/terminal,microsoft,Organization,https://github.com/microsoft/terminal,"The new Windows Terminal and the original Windows console host, all in the same place!",,C++,cmd;command-line;console;contributions-welcome;good-first-issue;hacktoberfest;terminal;windows;windows-console;windows-terminal;wsl,mit,MIT License,main,2017-08-11T18:38:22Z,2025-08-23T00:22:43Z,2025-08-22T23:36:49Z,157158,99300,8694,1644,99300,True,True,False,False,False,False,public,True,,
908531752,DeepSeek-V3,deepseek-ai/DeepSeek-V3,deepseek-ai,Organization,https://github.com/deepseek-ai/DeepSeek-V3,,,Python,,mit,MIT License,main,2024-12-26T09:52:40Z,2025-08-23T00:02:00Z,2025-06-27T08:46:37Z,1722,98858,16099,66,98858,True,False,False,False,False,False,public,True,,
24195339,angular,angular/angular,angular,Organization,https://github.com/angular/angular,Deliver web apps with confidence üöÄ,https://angular.dev,TypeScript,angular;javascript;pwa;typescript;web;web-framework;web-performance,mit,MIT License,main,2014-09-18T16:12:01Z,2025-08-22T22:13:27Z,2025-08-22T21:45:36Z,563711,98522,26525,1447,98522,True,False,False,False,False,False,public,True,,
48378947,frp,fatedier/frp,fatedier,User,https://github.com/fatedier/frp,A fast reverse proxy to help you expose a local server behind a NAT or firewall to the internet.,,Go,expose;firewall;frp;go;http-proxy;nat;p2p;proxy;reverse-proxy;tunnel,apache-2.0,Apache License 2.0,dev,2015-12-21T15:24:59Z,2025-08-23T00:40:24Z,2025-08-15T08:11:06Z,30496,97725,14364,62,97725,True,False,False,False,False,False,public,True,,
15204860,papers-we-love,papers-we-love/papers-we-love,papers-we-love,Organization,https://github.com/papers-we-love/papers-we-love,Papers from the computer science community to read and discuss.,http://paperswelove.org/,Shell,awesome;computer-science;meetup;papers;programming;read-papers;theory,,,main,2013-12-15T14:31:41Z,2025-08-23T00:25:53Z,2025-05-04T18:45:38Z,230832,97394,6061,1,97394,True,False,False,False,False,False,public,True,,
55076063,Awesome-Hacking,Hack-with-Github/Awesome-Hacking,Hack-with-Github,Organization,https://github.com/Hack-with-Github/Awesome-Hacking,"A collection of various awesome lists for hackers, pentesters and security researchers",,,android;awesome;bug-bounty;fuzzing;hacking;penetration-testing;pentesting-windows;reverse-engineering;security,cc0-1.0,Creative Commons Zero v1.0 Universal,master,2016-03-30T15:47:10Z,2025-08-23T00:13:48Z,2025-01-18T01:48:02Z,160,96662,9489,26,96662,False,False,False,False,False,False,public,True,,
157616880,iptv,iptv-org/iptv,iptv-org,Organization,https://github.com/iptv-org/iptv,Collection of publicly available IPTV channels from all over the world,https://iptv-org.github.io,TypeScript,iptv;m3u;playlist;streams;tv,unlicense,The Unlicense,master,2018-11-14T22:00:57Z,2025-08-23T00:22:29Z,2025-08-23T00:12:01Z,981861,96449,3898,452,96449,True,False,True,False,False,False,public,True,,
23083156,material-ui,mui/material-ui,mui,Organization,https://github.com/mui/material-ui,Material UI: Comprehensive React component library that implements Google's Material Design. Free forever.,https://mui.com/material-ui/,TypeScript,design-system;material-design;material-ui;react;react-components,mit,MIT License,master,2014-08-18T19:11:54Z,2025-08-22T19:13:35Z,2025-08-22T23:29:50Z,693252,96442,32640,1752,96442,True,False,False,False,False,False,public,True,,
299354207,rustdesk,rustdesk/rustdesk,rustdesk,User,https://github.com/rustdesk/rustdesk,"An open-source remote desktop application designed for self-hosting, as an alternative to TeamViewer.",https://rustdesk.com,Rust,android;anydesk;dart;flatpak;flutter;flutter-apps;ios;linux;macos;p2p;rdp;remote-control;remote-desktop;rust;rust-lang;teamviewer;vnc;wayland;windows,agpl-3.0,GNU Affero General Public License v3.0,master,2020-09-28T15:36:08Z,2025-08-23T00:17:51Z,2025-08-21T04:32:08Z,62257,96179,14110,72,96179,True,True,False,False,False,False,public,True,,
196701619,tauri,tauri-apps/tauri,tauri-apps,Organization,https://github.com/tauri-apps/tauri,"Build smaller, faster, and more secure desktop and mobile applications with a web frontend.",https://tauri.app,Rust,desktop-app;high-performance;mobile-app;native-app;rust;web-frontend;webview,apache-2.0,Apache License 2.0,dev,2019-07-13T09:09:37Z,2025-08-23T00:05:49Z,2025-08-22T11:06:07Z,98124,95840,3031,1184,95840,True,False,False,False,False,False,public,True,,
34526884,ant-design,ant-design/ant-design,ant-design,Organization,https://github.com/ant-design/ant-design,An enterprise-class UI design language and React UI library,https://ant.design,TypeScript,ant-design;antd;design-systems;react;typescript;ui-kit;ui-library,mit,MIT License,master,2015-04-24T15:37:24Z,2025-08-22T20:04:00Z,2025-08-22T09:40:13Z,232159,95735,53360,1279,95735,True,True,True,False,False,False,public,True,,
655806940,generative-ai-for-beginners,microsoft/generative-ai-for-beginners,microsoft,Organization,https://github.com/microsoft/generative-ai-for-beginners,"21 Lessons, Get Started Building with Generative AI  üîó https://microsoft.github.io/generative-ai-for-beginners/",https://microsoft.github.io/generative-ai-for-beginners/,Jupyter Notebook,ai;azure;chatgpt;dall-e;generative-ai;generativeai;gpt;language-model;llms;microsoft-for-beginners;openai;prompt-engineering;semantic-search;transformers,mit,MIT License,main,2023-06-19T16:28:59Z,2025-08-22T21:43:21Z,2025-08-22T15:25:38Z,3911881,95382,49881,14,95382,True,False,True,False,False,False,public,True,,
33614304,thefuck,nvbn/thefuck,nvbn,User,https://github.com/nvbn/thefuck,Magnificent app which corrects your previous console command.,,Python,python;shell,mit,MIT License,master,2015-04-08T15:08:04Z,2025-08-23T00:25:41Z,2024-07-19T14:56:13Z,4043,93640,3745,392,93640,True,True,False,False,False,False,public,True,,
74791366,clean-code-javascript,ryanmcdermott/clean-code-javascript,ryanmcdermott,User,https://github.com/ryanmcdermott/clean-code-javascript,Clean Code concepts adapted for JavaScript,,JavaScript,best-practices;clean-architecture;clean-code;composition;inheritance;javascript;principles,mit,MIT License,master,2016-11-25T22:25:41Z,2025-08-23T00:33:25Z,2024-07-29T07:24:37Z,520,93553,12467,109,93553,True,True,False,False,False,False,public,True,,
585146387,ui,shadcn-ui/ui,shadcn-ui,Organization,https://github.com/shadcn-ui/ui,"A set of beautifully-designed, accessible components and a code distribution platform. Works with your favorite frameworks. Open Source. Open Code.",https://ui.shadcn.com,TypeScript,components;nextjs;radix-ui;react;shadcn;tailwindcss;ui,mit,MIT License,main,2023-01-04T12:43:27Z,2025-08-22T23:55:11Z,2025-08-21T17:40:41Z,36617,93445,6541,1702,93445,True,False,False,False,False,False,public,True,,
243950408,HowToCook,Anduin2017/HowToCook,Anduin2017,User,https://github.com/Anduin2017/HowToCook,Á®ãÂ∫èÂëòÂú®ÂÆ∂ÂÅöÈ•≠ÊñπÊ≥ïÊåáÂçó„ÄÇProgrammer's guide about how to cook at home (Simplified Chinese only).,https://cook.aiursoft.cn,Dockerfile,chinese;cookbook;cooking;dishes;recipes,unlicense,The Unlicense,master,2020-02-29T10:43:49Z,2025-08-22T23:46:03Z,2025-08-01T16:17:17Z,465031,92718,10471,441,92718,True,False,True,False,False,False,public,True,,
65600975,pytorch,pytorch/pytorch,pytorch,Organization,https://github.com/pytorch/pytorch,Tensors and Dynamic neural networks in Python with strong GPU acceleration,https://pytorch.org,Python,autograd;deep-learning;gpu;machine-learning;neural-network;numpy;python;tensor,other,Other,main,2016-08-13T05:26:41Z,2025-08-23T00:35:52Z,2025-08-23T00:27:17Z,1097812,92599,25050,16931,92599,True,True,False,False,False,False,public,True,,
22790488,java-design-patterns,iluwatar/java-design-patterns,iluwatar,User,https://github.com/iluwatar/java-design-patterns,Design patterns implemented in Java,https://java-design-patterns.com,Java,awesome-list;design-patterns;hacktoberfest;java;principles;snippets;snippets-collection;snippets-library,other,Other,master,2014-08-09T16:45:18Z,2025-08-22T20:06:29Z,2025-08-20T14:26:50Z,46855,92549,27159,162,92549,True,True,False,False,False,False,public,True,,
16408992,neovim,neovim/neovim,neovim,Organization,https://github.com/neovim/neovim,Vim-fork focused on extensibility and usability,https://neovim.io,Vim Script,api;c;lua;neovim;nvim;text-editor;vim,other,Other,master,2014-01-31T13:39:22Z,2025-08-22T23:38:12Z,2025-08-22T23:40:24Z,338976,92168,6268,1982,92168,True,True,False,False,False,False,public,True,,
90796663,puppeteer,puppeteer/puppeteer,puppeteer,Organization,https://github.com/puppeteer/puppeteer,JavaScript API for Chrome and Firefox,https://pptr.dev,TypeScript,automation;chrome;chromium;developer-tools;firefox;headless-chrome;node-module;testing;web,apache-2.0,Apache License 2.0,main,2017-05-09T22:16:13Z,2025-08-23T00:35:03Z,2025-08-22T13:11:03Z,1154152,92110,9279,280,92110,True,False,True,False,False,False,public,True,,
311525798,Web-Dev-For-Beginners,microsoft/Web-Dev-For-Beginners,microsoft,Organization,https://github.com/microsoft/Web-Dev-For-Beginners,"24 Lessons, 12 Weeks, Get Started as a Web Developer",https://microsoft.github.io/Web-Dev-For-Beginners/,JavaScript,css;curriculum;education;html;javascript;learning;microsoft-for-beginners;tutorials,mit,MIT License,main,2020-11-10T02:44:00Z,2025-08-23T00:09:16Z,2025-08-20T17:05:53Z,95820,91519,13908,162,91519,True,True,True,True,False,False,public,True,,
919443098,DeepSeek-R1,deepseek-ai/DeepSeek-R1,deepseek-ai,Organization,https://github.com/deepseek-ai/DeepSeek-R1,,,,,mit,MIT License,main,2025-01-20T11:57:28Z,2025-08-23T00:02:03Z,2025-06-27T08:35:54Z,1571,90959,11732,66,90959,True,False,False,False,False,False,public,True,,
88464704,vue-element-admin,PanJiaChen/vue-element-admin,PanJiaChen,User,https://github.com/PanJiaChen/vue-element-admin,:tada: A magical vue admin                                                                https://panjiachen.github.io/vue-element-admin,,Vue,admin;admin-dashboard;admin-template;axios;dashboard;desktop;element;element-ui;i18n;management-system;mock;tinymce;vue;vue-admin;vue-cli;vuex;webpack;webpack4;xlsx,mit,MIT License,master,2017-04-17T03:35:49Z,2025-08-22T10:29:37Z,2024-10-24T11:25:46Z,15433,89802,30660,1363,89802,True,True,True,False,False,False,public,True,,
106017343,tailwindcss,tailwindlabs/tailwindcss,tailwindlabs,Organization,https://github.com/tailwindlabs/tailwindcss,A utility-first CSS framework for rapid UI development.,https://tailwindcss.com/,TypeScript,css;css-framework;functional-css;postcss;responsive;tailwindcss;utility-classes,mit,MIT License,main,2017-10-06T14:59:14Z,2025-08-22T23:22:01Z,2025-08-22T16:47:03Z,111390,89728,4691,93,89728,True,False,False,False,False,False,public,True,,
160919119,fastapi,fastapi/fastapi,fastapi,Organization,https://github.com/fastapi/fastapi,"FastAPI framework, high performance, easy to learn, fast to code, ready for production",https://fastapi.tiangolo.com/,Python,api;async;asyncio;fastapi;framework;json;json-schema;openapi;openapi3;pydantic;python;python-types;python3;redoc;rest;starlette;swagger;swagger-ui;uvicorn;web,mit,MIT License,master,2018-12-08T08:21:47Z,2025-08-23T00:10:44Z,2025-08-20T09:12:14Z,28023,88673,7757,280,88673,True,True,False,False,False,False,public,True,,
101296881,every-programmer-should-know,mtdvio/every-programmer-should-know,mtdvio,Organization,https://github.com/mtdvio/every-programmer-should-know,A collection of (mostly) technical things every software developer should know about,,,cc-by;collection;computer-science;educational;novice,cc-by-4.0,Creative Commons Attribution 4.0 International,master,2017-08-24T13:18:26Z,2025-08-22T21:52:30Z,2024-08-06T12:01:28Z,183,87905,8062,54,87905,True,True,False,False,False,False,public,True,,
54173593,storybook,storybookjs/storybook,storybookjs,Organization,https://github.com/storybookjs/storybook,"Storybook is the industry standard workshop for building, documenting, and testing UI components in isolation",https://storybook.js.org,TypeScript,angular;components;design-systems;documentation;html;javascript;react;react-native;stories;storybook;styleguide;svelte;testing;typescript;ui;vite;vue;web-components;webpack;workshop,mit,MIT License,next,2016-03-18T04:23:44Z,2025-08-22T20:32:23Z,2025-08-22T16:06:01Z,1041840,87574,9668,2189,87574,True,False,False,False,False,False,public,True,,
214587193,supabase,supabase/supabase,supabase,Organization,https://github.com/supabase/supabase,"The Postgres development platform. Supabase gives you a dedicated Postgres database to build your web, mobile, and AI applications.",https://supabase.com,TypeScript,ai;alternative;auth;database;deno;embeddings;example;firebase;nextjs;oauth2;pgvector;postgis;postgres;postgresql;postgrest;realtime;supabase;vectors;websockets,apache-2.0,Apache License 2.0,master,2019-10-12T05:56:49Z,2025-08-22T22:01:38Z,2025-08-23T00:31:50Z,1921553,87533,9589,704,87533,True,False,False,False,False,False,public,True,,
63539055,awesome-mac,jaywcjlove/awesome-mac,jaywcjlove,User,https://github.com/jaywcjlove/awesome-mac,"Ô£ø Now we have become very big, Different from the original idea. Collect premium software in various categories.",https://git.io/macx,JavaScript,app;apple;application;apps;awesome;awesome-list;awesome-lists;awesome-mac;desktop-app;desktop-application;desktop-apps;list;mac;mac-osx;macos;macos-app;macos-apps;macosx;software,cc0-1.0,Creative Commons Zero v1.0 Universal,master,2016-07-17T15:33:47Z,2025-08-22T23:48:39Z,2025-08-20T18:34:15Z,23275,87509,6712,152,87509,True,False,True,False,False,False,public,True,,
